idM;nom;type;dateDep;dateFin
1;Homologation Gril Sacré;Entretien Annuel;2023-01-15;2024-01-15
2;Visa Thermique Alpin;Entretien Semestriel;2023-02-20;2023-08-20
3;Attestation Cuisson Tender;Contrôle Sécurité;2023-03-10;2024-03-10
4;Brevet du Chevalier Grilleur;Contrôle Annuel;2023-04-05;2024-04-05
5;Diplôme Sacré du Fromager;Entretien Annuel;2023-05-18;2024-05-18
6;Accréditation Fondue Express;Contrôle Sécurité;2023-06-22;2024-06-22
7;Permis de Racletter;Entretien Semestriel;2023-07-14;2024-01-14
8;Licence Gril Ancestral;Entretien Annuel;2023-08-30;2024-08-30
9;Passeport du Grilleur;Contrôle Basique;2023-09-11;2024-09-11
10;Visa Etudiant Fromager;Contrôle Basique;2023-10-03;2024-10-03
11;Autorisation Mini Poêlon;Entretien Semestriel;2023-11-07;2024-05-07
12;Homologation Poulet Doré;Entretien Annuel;2023-12-15;2024-12-15
13;Accréditation Suprême Tender;Contrôle Sécurité;2024-01-20;2025-01-20
14;Brevet Junior Grilleur;Contrôle Basique;2024-02-10;2025-02-10
15;Attestation Tacos Sacré;Entretien Annuel;2024-03-05;2025-03-05
16;Diplôme Grand Grilleur;Contrôle Sécurité;2024-04-18;2025-04-18
17;Visa Thermique Tenrac;Entretien Annuel;2024-05-22;2025-05-22
18;Permis Cuisson Populaire;Entretien Semestriel;2024-06-14;2024-12-14
19;Licence Gril Nomade;Contrôle Basique;2024-07-09;2025-07-09
20;Passeport Tenders Infini;Entretien Annuel;2024-08-25;2025-08-25
21;Accréditation Raclette Pro;Contrôle Sécurité;2024-09-01;2025-09-01
22;Attestation Bucket Béni;Entretien Semestriel;2024-09-15;2025-03-15
23;Brevet Finger Food Sacré;Contrôle Annuel;2024-10-03;2025-10-03
24;Homologation Crunchy Elite;Contrôle Sécurité;2024-10-20;2025-10-20
25;Diplôme Crispy Tenrac;Entretien Annuel;2024-11-05;2025-11-05
26;Visa Familial Fromager;Contrôle Basique;2024-11-18;2025-11-18
27;Licence Gourmet Officiel;Entretien Annuel;2024-12-02;2025-12-02
28;Permis Doré du Chef;Contrôle Sécurité;2024-12-15;2025-12-15
29;Passeport Inferno Tender;Entretien Semestriel;2025-01-10;2025-07-10
30;Accréditation Tenders XXL;Entretien Annuel;2025-02-14;2026-02-14
31;Attestation Hot Tenders;Contrôle Sécurité;2025-03-01;2026-03-01
32;Brevet Challenge Grilleur;Contrôle Annuel;2025-03-18;2026-03-18
33;Homologation Gril Ultime;Entretien Annuel;2025-04-05;2026-04-05
34;Visa Boisson Sacrée;Contrôle Basique;2025-04-22;2026-04-22
35;Diplôme Bouteille Bénie;Contrôle Basique;2025-05-08;2026-05-08
36;Licence Pack Premium;Entretien Annuel;2025-05-25;2026-05-25
37;Permis Gourmet Officiel;Entretien Semestriel;2025-06-11;2025-12-11
38;Passeport Golden Chicken;Contrôle Sécurité;2025-06-28;2026-06-28
39;Accréditation Raclette Suisse;Entretien Annuel;2025-07-14;2026-07-14
40;Attestation Gril Nomade;Contrôle Basique;2025-07-31;2026-07-31
41;Brevet Pierrade Royale;Contrôle Sécurité;2025-08-16;2026-08-16
42;Homologation Friteuse Sacrée;Entretien Annuel;2025-09-02;2026-09-02
43;Diplôme Fondue Alpine;Entretien Semestriel;2025-09-19;2026-03-19
44;Visa Gril Électrique;Contrôle Annuel;2025-10-05;2026-10-05
45;Licence Station Poêlons;Contrôle Sécurité;2025-10-22;2026-10-22
46;Permis Mini Friteuse;Contrôle Basique;2025-11-08;2026-11-08
47;Passeport Raclette Connectée;Entretien Annuel;2025-11-25;2026-11-25
48;Accréditation Gril Panoramique;Contrôle Sécurité;2025-12-11;2026-12-11
49;Attestation Crêpière Sacrée;Contrôle Basique;2025-12-28;2026-12-28
50;Brevet Station 6 en 1;Entretien Annuel;2026-01-14;2027-01-14
51;Homologation Raclette Vintage;Entretien Semestriel;2023-01-20;2023-07-20
52;Diplôme Pierrade Compacte;Contrôle Annuel;2023-02-15;2024-02-15
53;Visa Gril Contact Pro;Contrôle Sécurité;2023-03-08;2024-03-08
54;Licence Salamandre Tenrac;Entretien Annuel;2023-04-22;2024-04-22
55;Permis Raclette Duo;Contrôle Basique;2023-05-10;2024-05-10
56;Passeport Gril Barbecue;Entretien Semestriel;2023-06-27;2023-12-27
57;Accréditation Wok Tenrac;Contrôle Annuel;2023-07-13;2024-07-13
58;Attestation Friteuse Air;Entretien Annuel;2023-08-29;2024-08-29
59;Brevet Raclette Solaire;Contrôle Sécurité;2023-09-14;2024-09-14
60;Homologation Teppanyaki;Entretien Annuel;2023-10-01;2024-10-01
61;Diplôme Appareil Churros;Contrôle Basique;2023-10-18;2024-10-18
62;Visa Gril Infrarouge;Contrôle Sécurité;2023-11-04;2024-11-04
63;Licence Mini Fondue;Entretien Semestriel;2023-11-21;2024-05-21
64;Permis Raclette Bois;Contrôle Annuel;2023-12-08;2024-12-08
65;Passeport Gril Planchiste;Entretien Annuel;2024-01-05;2025-01-05
66;Accréditation Takoyaki;Contrôle Basique;2024-01-22;2025-01-22
67;Attestation Station Burger;Contrôle Sécurité;2024-02-08;2025-02-08
68;Brevet Raclette Camping;Entretien Semestriel;2024-02-25;2024-08-25
69;Homologation Gril Induction;Entretien Annuel;2024-03-13;2025-03-13
70;Diplôme Gaufre Sacrée;Contrôle Basique;2024-03-30;2025-03-30
71;Visa Friteuse Professionnelle;Contrôle Sécurité;2024-04-16;2025-04-16
72;Licence Raclette Silencieuse;Entretien Annuel;2024-05-03;2025-05-03
73;Permis Gril Multizone;Contrôle Sécurité;2024-05-20;2025-05-20
74;Passeport Yakitori Sacré;Entretien Semestriel;2024-06-06;2024-12-06
75;Accréditation Croque Tenrac;Contrôle Basique;2024-06-23;2025-06-23
76;Attestation Grand Format;Entretien Annuel;2024-07-10;2025-07-10
77;Brevet Gril Smokeless;Contrôle Sécurité;2024-07-27;2025-07-27
78;Homologation Station Hibachi;Entretien Annuel;2024-08-13;2025-08-13
79;Diplôme Plancha Officielle;Contrôle Annuel;2024-08-30;2025-08-30
80;Visa Raclette Bluetooth;Entretien Annuel;2024-09-16;2025-09-16
81;Licence Gril Compact;Contrôle Basique;2024-10-03;2025-10-03
82;Permis Shabu-Shabu Tenrac;Entretien Semestriel;2024-10-20;2025-04-20
83;Passeport Friteuse Double;Contrôle Sécurité;2024-11-06;2025-11-06
84;Accréditation Ardoise Sacrée;Entretien Annuel;2024-11-23;2025-11-23
85;Attestation Gril Solaire;Contrôle Annuel;2024-12-10;2025-12-10
86;Brevet Fondue Bourguignonne;Entretien Annuel;2024-12-27;2025-12-27
87;Homologation Rotissoire Pro;Contrôle Sécurité;2025-01-13;2026-01-13
88;Diplôme Mini Grill Tenrac;Contrôle Basique;2025-01-30;2026-01-30
89;Visa Raclette Nomade Pro;Entretien Semestriel;2025-02-16;2025-08-16
90;Licence Gril Vertical;Entretien Annuel;2025-03-05;2026-03-05
91;Permis Hot Pot Tenrac;Contrôle Annuel;2025-03-22;2026-03-22
92;Passeport Friteuse Air Pro;Contrôle Sécurité;2025-04-08;2026-04-08
93;Accréditation Raclette Inox;Entretien Annuel;2025-04-25;2026-04-25
94;Attestation Gril Électronique;Contrôle Sécurité;2025-05-12;2026-05-12
95;Brevet Cuisson Vapeur;Entretien Semestriel;2025-05-29;2025-11-29
96;Homologation Sandwich Tenrac;Contrôle Basique;2025-06-15;2026-06-15
97;Diplôme Raclette Luxe;Entretien Annuel;2025-07-02;2026-07-02
98;Visa Gril Panoramique Pro;Contrôle Sécurité;2025-07-19;2026-07-19
99;Licence Station Ultime;Entretien Annuel;2025-08-05;2026-08-05
100;Brevet Suprême des Grands Maîtres;Homologation Prestige;2025-08-22;2026-08-22
